{
  "project_info": {
    "project_number": "961235400251",
    "firebase_url": "https://everydayhero-dda56.firebaseio.com",
    "project_id": "everydayhero-dda56",
    "storage_bucket": "everydayhero-dda56.appspot.com"
  },
  "client": [
    {
      "client_info": {
        "mobilesdk_app_id": "1:961235400251:android:7592f227a79d0f72",
        "android_client_info": {
          "package_name": "com.hackupcwinter.team.everydayhero"
        }
      },
      "oauth_client": [
        {
          "client_id": "961235400251-bdgq5rs7la9bki8qpdisdk0849dpjrvf.apps.googleusercontent.com",
          "client_type": 1,
          "android_info": {
            "package_name": "com.hackupcwinter.team.everydayhero",
            "certificate_hash": "02b7fdda8916f3f8ffb38f4961d98002ae8b8647"
          }
        },
        {
          "client_id": "961235400251-0paskfr9qi7a6i78r60q0ig9llkrnq7o.apps.googleusercontent.com",
          "client_type": 3
        }
      ],
      "api_key": [
        {
          "current_key": "AIzaSyD676AXxRHzPOwTOWPZkgz8ocfTxCnq24g"
        }
      ],
      "services": {
        "analytics_service": {
          "status": 1
        },
        "appinvite_service": {
          "status": 2,
          "other_platform_oauth_client": [
            {
              "client_id": "961235400251-0paskfr9qi7a6i78r60q0ig9llkrnq7o.apps.googleusercontent.com",
              "client_type": 3
            }
          ]
        },
        "ads_service": {
          "status": 2
        }
      }
    }
  ],
  "configuration_version": "1"
}